Epoch,Eval_Loss,Eval_Accuracy
1.0,0.001068847835995257,1.0
2.0,0.0004463188233785331,1.0
3.0,0.0003571817942429334,1.0
3.0,0.001068847835995257,1.0
