模型名稱,Macro F1-Score,整體準確率,待加強_F1,尚可_F1,精熟_F1,模型路徑,訓練時間戳
BERT (bert-base-chinese),0.7591937474290416,0.8264462809917356,0.9538461538461539,0.8531468531468531,0.47058823529411764,./results/bert-base-chinese_20260112_173136/final_model,20260112_173136
RoBERTa (hfl/chinese-roberta-wwm-ext),0.818792631742272,0.8677685950413223,0.9696969696969697,0.8920863309352518,0.5945945945945946,./results/roberta-chinese_20260112_184256/final_model,20260112_184256
